driverId,name,ssn,location,certified,wage-plan
10,Michael Lee,035-65-6652,"88846 Prince Courts
New Mindyfurt, AZ 68586",N,miles
11,Laura Meadows,808-16-5950,"608 Kemp Locks Apt. 294
Jefferyburgh, IL 47685",Y,hours
12,Alexander Ballard,119-21-8735,"56938 Tonya Mount Suite 006
Stewartmouth, OR 87426",N,miles
13,Vanessa Durham,455-68-4039,"2233 Brittany Road Apt. 144
North Heatherberg, GU 23679",N,hours
14,Teresa Lambert,494-67-5681,"374 Michelle Squares
Rebeccaville, OH 36632",Y,hours
15,Benjamin Hamilton,163-19-5754,"06691 Nicholas Roads Suite 693
Sandymouth, PR 72971",N,hours
16,Sergio Mann,356-16-7476,"USCGC Underwood
FPO AA 32450",Y,miles
17,Denise Vance,792-29-4362,"0787 James Centers
Gallaghershire, PR 25570",Y,hours
18,Gabriela Morgan,771-24-0619,"5458 Torres Valley
Alanton, MH 48322",Y,hours
19,Lindsey Brown,272-54-0759,"355 Sanchez Garden
North Jamesstad, FM 34719",N,hours
20,Carl Greene,272-54-0948,"628 Cunningham Junctions Apt. 587
Chadfurt, VI 73425",N,miles
21,Adam Jones,182-30-2951,"7028 Huff Causeway
West Mitchellville, MO 56345",N,hours
22,Nancy Hooper,549-67-3553,"71279 Daniel Crescent
South Nancyview, NC 38206",Y,hours
23,Thomas Harvey,826-82-7352,"060 Coleman Mews
Weissville, TN 56040",N,hours
24,Alicia Braun,211-91-4158,"19986 Fry Squares Suite 341
East Becky, CT 77193",N,miles
25,Samuel Ramirez,389-76-0292,"345 Gutierrez Light
Davidland, TX 83340",N,hours
26,Brandon Rhodes,868-77-1770,"7297 Patel Square
Harrybury, WY 71120",N,miles
27,Christopher Erickson,654-54-3530,"01115 Wallace Locks
Rossburgh, NH 27900",N,miles
28,Rachel Brewer,240-01-7185,"408 Christopher Rest Apt. 345
Erikberg, WI 14611",N,hours
29,Jerome Esparza,117-59-4898,"267 Gina Wells Apt. 282
Lopezburgh, GA 93974",N,hours
30,Chad Rodriguez,145-21-4710,"154 Ramsey Avenue
Samanthachester, ND 91019",Y,miles
31,Carla Jordan,097-51-3541,"11292 Jorge Burgs
Hendersonhaven, ME 32951",Y,hours
32,Nicole Palmer,231-89-8195,"3086 Julie Stravenue
Port Antonio, NV 10037",N,miles
33,Manuel Carrillo,397-78-6788,"29995 Brady Isle
West Brettshire, AR 29493",N,miles
34,Natasha Butler,369-10-6152,"0725 Raymond Views Suite 159
Port Margaret, PR 23507",N,miles
35,Nancy Sweeney,626-33-4738,"34360 Brandy Ridge Suite 522
Justinville, NV 84413",N,hours
36,Andrew Reynolds,712-57-0361,"47051 Zamora Turnpike Apt. 575
Lake Kylehaven, WY 50870",Y,hours
37,Yvonne Hill,364-19-9789,"7094 Kim Pine
North Tom, DC 91790",Y,hours
38,Timothy Robinson,246-98-9110,"353 Brittney Neck Apt. 099
Thomasshire, MD 65928",N,hours
39,Patrick Townsend,501-56-2984,"677 Evan Drives Suite 398
Gwendolynview, AK 95582",N,hours
40,Richard Williams,531-10-4141,"1129 William Rapids Suite 847
North Jessicaburgh, SC 92374",Y,miles
41,James Smith,152-31-1158,"USCGC Ayala
FPO AA 35962",N,miles
42,Angela Thomas,298-18-0246,"2305 Davidson Mountain Apt. 606
Riveraland, WY 72297",Y,miles
43,Joseph Castillo,822-90-1638,"USNS Taylor
FPO AA 33379",Y,hours
44,Antonio Smith,017-45-3815,"770 Palmer Knolls
Chenview, WY 97433",Y,hours
45,Jeremy Perry,285-18-1299,"11695 Robertson Common Apt. 355
Andersonberg, PR 49367",N,hours
46,Mary Johnson,182-07-6075,"14194 Garner Pines
Port Heather, HI 67238",Y,hours
47,Felicia Webster,423-61-6011,"5980 Hood Views
Lake Shirleyfurt, WV 14040",N,hours
48,Vincent Kim,604-36-3574,"25317 Crystal Course Suite 418
Port Melissahaven, OH 55898",Y,hours
49,Carlos Kim,405-05-0552,"32140 Barrera Ports Suite 514
North Rebecca, GU 12525",N,hours
50,Eugene Kemp,393-86-1883,"3196 Hayley Hollow
Kevinfurt, KS 07425",Y,miles
51,Carla Huynh,755-56-1857,"177 Lisa Port
Dustinfurt, SC 22392",N,hours
52,Anna Dominguez,807-99-5185,"19609 Guzman Plaza Suite 563
South Kennethville, WA 30169",Y,miles
53,Alyssa Schmidt,507-32-7190,"94026 Jack Locks Suite 803
Port Christopher, VT 19766",Y,miles
54,Pamela Rodriguez,126-10-6728,"4432 Hopkins Roads
Lake Terri, DE 64298",Y,hours
55,Michelle Chang,638-47-5801,"43897 Rodgers Ford
North Jeffrey, PR 21093",N,miles
56,Joanna West,429-46-1929,"398 Owen Roads
Lake Sherryhaven, MD 62088",N,hours
57,Samantha Lee,879-53-2350,"899 Liu Parks Apt. 769
Spencerview, TX 37993",Y,miles
58,Sharon Alvarez DVM,654-04-2611,"81128 Rhonda Rapid Apt. 230
New Kimberly, DC 57106",N,hours
59,Lydia Webster,263-42-0650,"344 Cortez Spring
Gibsonhaven, NC 29363",N,miles
60,Melissa Johnson,365-66-2842,"107 Shelton Island Apt. 679
Tonyport, FL 68908",Y,hours
61,Taylor Becker,331-05-8240,"85185 Williams Cliff
West Jamesburgh, OK 74884",N,miles
62,Denise Simmons,076-39-1321,"85715 Saunders Forges
Murphyview, DC 38482",Y,miles
63,James Phillips,309-42-4655,"977 Mcconnell Turnpike
Jacobmouth, UT 38687",Y,miles
64,Jamie Ruiz,393-33-0084,"7767 Samantha Well Apt. 855
East Alan, WA 80001",N,miles
65,John Scott,392-67-0542,"0982 Glenn Harbor Apt. 520
East Tracyland, NE 48659",N,hours
66,Brandon Hebert,215-57-2109,"2864 Peter Mountain
Lake Tracyhaven, NE 51989",N,miles
67,Kevin Lane,604-03-3752,"5119 Cunningham Bypass
Thomasside, SC 79917",Y,miles
68,Michael Ortiz,297-33-7421,"2349 Carter Passage
South Judy, NY 68316",Y,miles
69,Daniel Roman,609-32-5427,"029 Perez Junction Apt. 678
Guerraland, MP 81094",Y,hours
70,Jared Meyer,672-97-2415,"893 Gregory Station Suite 496
Angelaside, WV 97553",N,miles
71,James Foster,665-23-5278,"605 Kelly Estate
West Gwendolyn, LA 24449",Y,miles
72,Leah Ramos,722-91-9917,"32306 Michael Course
West Annatown, MH 57682",Y,miles
73,Jamie Smith,119-32-6068,"0794 Dickson Shoals Apt. 360
Carolfort, NV 96284",Y,hours
74,Ronald Woods,867-90-4355,"906 Griffith Alley
Kaylashire, WI 24584",Y,miles
75,Betty Sanford,054-31-9226,"54418 Davis Hill Apt. 016
Timothymouth, NM 38160",N,miles
76,Christopher Brown,183-63-1226,"634 Sierra Glens Apt. 464
Lake Christophermouth, AS 97554",Y,miles
77,James Mcguire,704-68-9508,"521 Hamilton Court Suite 366
West Brandon, CA 25486",N,hours
78,Henry Morales,219-41-5862,"064 David Hill
Lake Diana, MA 23496",Y,hours
79,Bill Rivera,144-31-5034,"674 Carolyn Camp Suite 387
South Nicole, NC 05267",N,miles
80,Chad Hawkins,155-20-3202,"05642 Anthony Islands Apt. 554
Navarrochester, KY 18407",Y,miles
81,Taylor Rivas,860-10-2343,"4483 Jones Neck
New Maureenburgh, TX 51299",N,miles
82,Travis Bautista,378-72-5883,"0136 Grimes Islands
South Emily, OH 14985",N,miles
83,Benjamin Weber,191-10-2491,"Unit 9262 Box 6135
DPO AE 58759",Y,miles
84,Glenn Francis,556-15-4738,"28306 Benson Plain
Lake Alyssa, NM 86138",Y,hours
85,Mr. Charles Hall,428-89-4393,"01077 Mason Junctions
East Kevinstad, DC 07804",Y,miles
86,Kenneth Elliott,124-56-6724,"751 Rogers Shoal
South Jeanne, WY 44043",N,miles
87,Warren Bailey,592-79-6598,"325 Michael Place Suite 086
East Christina, RI 07296",N,miles
88,Jason Porter Jr.,437-94-1395,"2147 Meghan Cove Suite 541
New Michele, MP 60567",Y,hours
89,Rebekah Morales,027-54-5752,"20553 Jared Hills Apt. 156
Steeleport, IN 60456",Y,miles
90,Joseph Mckee,090-16-6106,"782 Martin Lodge Apt. 408
Port Jessicafort, KY 72412",Y,hours
91,Chelsea Brown,578-59-4426,"31565 Turner Mews Apt. 833
Jenniferton, HI 53879",Y,miles
92,Michael Soto,078-70-0050,"3123 Joseph Viaduct Apt. 205
Gregorybury, TN 98978",N,miles
93,Amanda Wilson,525-20-7887,"6016 Jaime Trail
Shannonburgh, WI 21522",N,miles
94,Randall Griffin,254-87-1049,"105 Jonathon Trail
East Carrie, MI 67462",N,miles
95,David Ward,770-71-1398,"535 Brooks Curve Suite 476
South Crystalmouth, AZ 06009",Y,miles
96,Tina Page,544-31-4233,"Unit 7407 Box 4767
DPO AP 18621",Y,miles
97,Henry Jones,566-30-3706,"097 Lisa Forge Apt. 180
New Joshuaville, HI 22234",N,hours
98,Diane Knight,240-03-9630,"05618 Christian Forge
Lake Nancyfurt, MT 75303",N,miles
99,Allison Stout,744-90-0866,"6609 Kerr Ridge Suite 358
Williamhaven, TN 58804",Y,hours
100,Joseph Hill,387-10-7366,"1590 Odonnell Union Suite 588
West Katrina, AZ 16132",N,miles
101,Marc Sanchez,410-13-3260,"PSC 3417, Box 4101
APO AP 99822",N,hours
102,Colton Padilla,775-47-8564,"PSC 1164, Box 7702
APO AE 72966",N,hours
103,Wendy Brown,403-25-2635,"8682 Kimberly Locks
Lake Michael, VA 09100",N,miles
104,Virginia Estrada,794-05-1137,"4802 Peter Forge Suite 136
Peterberg, DE 98105",Y,hours
105,Scott Pham,832-70-7647,"70929 Robert Lake
South Matthewshire, NJ 17667",Y,miles
106,April Larson,220-51-2404,"48290 Jasmine Extension Suite 024
Port Kenneth, MP 08441",N,hours
107,Robert Nichols,246-96-9326,"4997 Acevedo Estates Suite 437
Port Jessica, RI 11362",N,miles
108,Mr. Michael Mullen,095-02-1015,"592 Macias Knolls Suite 636
New Stacyland, PA 30109",N,miles
109,Timothy Smith,683-22-4129,"PSC 9422, Box 5629
APO AA 86051",Y,miles
